config_name,seed,selected_top_k_pixels,selected_top_k_fraction,primary_roc_auc,full_map_primary_roc_auc,object_roc_auc,source_image_roc_auc,balanced_accuracy,fpr,fnr,best_epoch,best_normal_val_loss,training_duration_seconds,peak_cuda_memory_mib,gradient_clip_fraction_max,train_tiles,train_source_groups,train_object_groups,augmentation,run_dir
resnet18_384,42,147456,1.0,0.9198863636363637,0.9198863636363637,0.9650000000000001,0.8800000000000001,0.7659090909090909,0.05,0.41818181818181815,30,-2937849.9875,626.8787307000002,1954.37451171875,,1000,212,687,none,C:/Users/AERO/Desktop/master_work/Experiments/experiments/printer/fastflow_resnet18_384_printer384_v2_final/try_2_seed_42
resnet18_384,123,147456,1.0,0.9368181818181818,0.9368181818181818,0.97,0.92,0.7318181818181818,0.05,0.48636363636363633,30,-2927802.25,625.6792286,1954.37451171875,,1000,212,687,none,C:/Users/AERO/Desktop/master_work/Experiments/experiments/printer/fastflow_resnet18_384_printer384_v2_final/try_3_seed_123
resnet18_384,2025,147456,1.0,0.91875,0.91875,0.96,0.92,0.725,0.05,0.5,30,-2965243.3,625.3525913999983,1954.37451171875,,1000,212,687,none,C:/Users/AERO/Desktop/master_work/Experiments/experiments/printer/fastflow_resnet18_384_printer384_v2_final/try_4_seed_2025
deit_no_aug,42,147456,1.0,0.8731818181818182,0.8731818181818182,0.925,0.8,0.7113636363636363,0.05,0.5272727272727273,40,97379.98022460938,1207.3457691999993,1277.873046875,1.0,1000,212,687,none,C:/Users/AERO/Desktop/master_work/Experiments/experiments/printer/fastflow_deit_base_distilled_384_printer384_v2_final/try_1_seed_42
deit_no_aug,123,147456,1.0,0.9553409090909091,0.9553409090909091,0.9750000000000001,0.88,0.865909090909091,0.05,0.21818181818181817,40,98305.18627929688,1205.166648100001,1277.873046875,1.0,1000,212,687,none,C:/Users/AERO/Desktop/master_work/Experiments/experiments/printer/fastflow_deit_base_distilled_384_printer384_v2_final/try_2_seed_123
deit_no_aug,2025,147456,1.0,0.9426136363636364,0.9426136363636364,0.97,0.84,0.7454545454545454,0.05,0.4590909090909091,40,81271.27047729492,1204.8147442000009,1277.873046875,1.0,1000,212,687,none,C:/Users/AERO/Desktop/master_work/Experiments/experiments/printer/fastflow_deit_base_distilled_384_printer384_v2_final/try_3_seed_2025
deit_strong_aug,42,73728,0.5,0.9488636363636362,0.9425,0.985,0.88,0.8704545454545455,0.05,0.20909090909090908,40,146663.92138671875,1441.9403365000035,1277.873046875,1.0,1000,212,687,legacy_deit_try1,C:/Users/AERO/Desktop/master_work/Experiments/experiments/printer/fastflow_deit_data_strong_aug_1000_printer384_v2_data_study/try_1_seed_42
deit_strong_aug,123,73728,0.5,0.9595454545454545,0.9506818181818182,0.99,0.92,0.8295454545454546,0.05,0.2909090909090909,40,147560.60107421875,1438.3388694000314,1277.873046875,1.0,1000,212,687,legacy_deit_try1,C:/Users/AERO/Desktop/master_work/Experiments/experiments/printer/fastflow_deit_data_strong_aug_1000_printer384_v2_data_study/try_2_seed_123
deit_strong_aug,2025,147456,1.0,0.9380681818181817,0.9380681818181817,0.99,0.92,0.8386363636363636,0.05,0.2727272727272727,40,134885.1240234375,1437.7805984999868,1277.873046875,1.0,1000,212,687,legacy_deit_try1,C:/Users/AERO/Desktop/master_work/Experiments/experiments/printer/fastflow_deit_data_strong_aug_1000_printer384_v2_data_study/try_3_seed_2025
