path,source_group,object_group,source_date,label,score
anomalies/objects_parts/2025-08-06_11-33-04_L0412_1_tile_1728_2304.png,anomaly:2025-08-06_11-33-04_L0412_1,anomaly:2025-08-06_11-33-04_L0412_1,2025-08-06_11-33-04,1,-0.5223924517631531
anomalies/objects_parts/2025-08-06_11-33-04_L0412_1_tile_1920_2304.png,anomaly:2025-08-06_11-33-04_L0412_1,anomaly:2025-08-06_11-33-04_L0412_1,2025-08-06_11-33-04,1,-0.5052543878555298
anomalies/objects_parts/2025-08-08_14-09-52_L0128_1_tile_1728_1728.png,anomaly:2025-08-08_14-09-52_L0128_1,anomaly:2025-08-08_14-09-52_L0128_1,2025-08-08_14-09-52,1,-0.5518211126327515
anomalies/objects_parts/2025-08-08_14-09-52_L0128_1_tile_1728_2304.png,anomaly:2025-08-08_14-09-52_L0128_1,anomaly:2025-08-08_14-09-52_L0128_1,2025-08-08_14-09-52,1,-0.5433464050292969
anomalies/objects_parts/2025-08-08_14-09-52_L0128_1_tile_1728_960.png,anomaly:2025-08-08_14-09-52_L0128_1,anomaly:2025-08-08_14-09-52_L0128_1,2025-08-08_14-09-52,1,-0.5393174290657043
anomalies/objects_parts/2025-08-08_14-09-52_L0128_1_tile_1920_1536.png,anomaly:2025-08-08_14-09-52_L0128_1,anomaly:2025-08-08_14-09-52_L0128_1,2025-08-08_14-09-52,1,-0.5368424654006958
anomalies/objects_parts/2025-08-08_14-09-52_L0128_1_tile_1920_1728.png,anomaly:2025-08-08_14-09-52_L0128_1,anomaly:2025-08-08_14-09-52_L0128_1,2025-08-08_14-09-52,1,-0.5414181351661682
anomalies/objects_parts/2025-08-08_14-09-52_L0128_1_tile_1920_960.png,anomaly:2025-08-08_14-09-52_L0128_1,anomaly:2025-08-08_14-09-52_L0128_1,2025-08-08_14-09-52,1,-0.5077202320098877
anomalies/objects_parts/2025-08-08_14-09-52_L0128_1_tile_2496_1728.png,anomaly:2025-08-08_14-09-52_L0128_1,anomaly:2025-08-08_14-09-52_L0128_1,2025-08-08_14-09-52,1,-0.5345543026924133
anomalies/objects_parts/2025-08-08_14-09-52_L0128_1_tile_2496_2304.png,anomaly:2025-08-08_14-09-52_L0128_1,anomaly:2025-08-08_14-09-52_L0128_1,2025-08-08_14-09-52,1,-0.5273009538650513
anomalies/objects_parts/2025-08-08_14-09-52_L0128_1_tile_2496_960.png,anomaly:2025-08-08_14-09-52_L0128_1,anomaly:2025-08-08_14-09-52_L0128_1,2025-08-08_14-09-52,1,-0.5152087807655334
anomalies/objects_parts/2025-08-08_14-09-52_L0128_1_tile_2688_2304.png,anomaly:2025-08-08_14-09-52_L0128_1,anomaly:2025-08-08_14-09-52_L0128_1,2025-08-08_14-09-52,1,-0.5531818270683289
anomalies/objects_parts/2025-08-08_14-09-52_L0128_1_tile_3264_1728.png,anomaly:2025-08-08_14-09-52_L0128_1,anomaly:2025-08-08_14-09-52_L0128_1,2025-08-08_14-09-52,1,-0.5435851812362671
anomalies/objects_parts/2025-09-10_15-20-02_L0122_1_tile_2880_2112.png,anomaly:2025-09-10_15-20-02_L0122_1,anomaly:2025-09-10_15-20-02_L0122_1,2025-09-10_15-20-02,1,-0.5622283220291138
anomalies/objects_parts/2025-09-10_15-20-02_L0122_1_tile_3072_1920.png,anomaly:2025-09-10_15-20-02_L0122_1,anomaly:2025-09-10_15-20-02_L0122_1,2025-09-10_15-20-02,1,-0.5575328469276428
anomalies/objects_parts/2025-09-24_14-46-03_L0097_1_tile_1728_960.png,anomaly:2025-09-24_14-46-03_L0097_1,anomaly:2025-09-24_14-46-03_L0097_1,2025-09-24_14-46-03,1,-0.525119423866272
anomalies/objects_parts/2025-09-24_14-46-03_L0097_1_tile_2496_960.png,anomaly:2025-09-24_14-46-03_L0097_1,anomaly:2025-09-24_14-46-03_L0097_1,2025-09-24_14-46-03,1,-0.542253851890564
anomalies/objects_parts/2025-09-24_15-04-12_L0102_1_tile_1920_1536.png,anomaly:2025-09-24_15-04-12_L0102_1,anomaly:2025-09-24_15-04-12_L0102_1,2025-09-24_15-04-12,1,-0.5244641304016113
anomalies/objects_parts/2025-09-24_15-04-12_L0102_1_tile_1920_960.png,anomaly:2025-09-24_15-04-12_L0102_1,anomaly:2025-09-24_15-04-12_L0102_1,2025-09-24_15-04-12,1,-0.5179088115692139
anomalies/objects_parts/2025-09-24_15-04-12_L0102_1_tile_2496_960.png,anomaly:2025-09-24_15-04-12_L0102_1,anomaly:2025-09-24_15-04-12_L0102_1,2025-09-24_15-04-12,1,-0.5529831051826477
anomalies/objects_parts/2025-09-24_15-04-12_L0102_1_tile_2688_960.png,anomaly:2025-09-24_15-04-12_L0102_1,anomaly:2025-09-24_15-04-12_L0102_1,2025-09-24_15-04-12,1,-0.5349287390708923
training/2025-02-07_test/objects_parts/178_obj16_centered.png,normal:2025-02-07_test:178,normal:2025-02-07_test:178_obj16,2025-02-07_test,0,-0.5875296592712402
training/2025-02-07_test/objects_parts/178_obj19_centered.png,normal:2025-02-07_test:178,normal:2025-02-07_test:178_obj19,2025-02-07_test,0,-0.5718018412590027
training/2025-02-07_test/objects_parts/178_obj32_centered.png,normal:2025-02-07_test:178,normal:2025-02-07_test:178_obj32,2025-02-07_test,0,-0.5400670766830444
training/2025-02-07_test/objects_parts/178_obj38_centered.png,normal:2025-02-07_test:178,normal:2025-02-07_test:178_obj38,2025-02-07_test,0,-0.5261889100074768
training/2025-02-07_test/objects_parts/178_obj40_centered.png,normal:2025-02-07_test:178,normal:2025-02-07_test:178_obj40,2025-02-07_test,0,-0.5791299343109131
training/2025-02-07_test/objects_parts/178_obj59_centered.png,normal:2025-02-07_test:178,normal:2025-02-07_test:178_obj59,2025-02-07_test,0,-0.5499374866485596
training/2025-02-07_test/objects_parts/178_obj7_centered.png,normal:2025-02-07_test:178,normal:2025-02-07_test:178_obj7,2025-02-07_test,0,-0.5507217645645142
training/2025-02-07_test/objects_parts/178_obj8_centered.png,normal:2025-02-07_test:178,normal:2025-02-07_test:178_obj8,2025-02-07_test,0,-0.5655554533004761
training/2025-06-25_test/objects_parts/142_obj11_tile_3239_1714.png,normal:2025-06-25_test:142,normal:2025-06-25_test:142_obj11,2025-06-25_test,0,-0.559357762336731
training/2025-06-25_test/objects_parts/142_obj13_tile_1962_881.png,normal:2025-06-25_test:142,normal:2025-06-25_test:142_obj13,2025-06-25_test,0,-0.5664122104644775
training/2025-06-25_test/objects_parts/142_obj15_tile_2794_1073.png,normal:2025-06-25_test:142,normal:2025-06-25_test:142_obj15,2025-06-25_test,0,-0.5534243583679199
training/2025-06-25_test/objects_parts/142_obj17_tile_3238_1074.png,normal:2025-06-25_test:142,normal:2025-06-25_test:142_obj17,2025-06-25_test,0,-0.549102246761322
training/2025-06-25_test/objects_parts/142_obj1_tile_2160_2355.png,normal:2025-06-25_test:142,normal:2025-06-25_test:142_obj1,2025-06-25_test,0,-0.5738130211830139
training/2025-06-25_test/objects_parts/142_obj5_tile_3430_2163.png,normal:2025-06-25_test:142,normal:2025-06-25_test:142_obj5,2025-06-25_test,0,-0.5299492478370667
training/2025-06-25_test/objects_parts/142_obj7_tile_1770_1714.png,normal:2025-06-25_test:142,normal:2025-06-25_test:142_obj7,2025-06-25_test,0,-0.5506046414375305
training/2025-06-25_test/objects_parts/142_obj9_tile_2602_1522.png,normal:2025-06-25_test:142,normal:2025-06-25_test:142_obj9,2025-06-25_test,0,-0.5398486852645874
training/2025-06-25_test/objects_parts/231_obj10_tile_2789_1522.png,normal:2025-06-25_test:231,normal:2025-06-25_test:231_obj10,2025-06-25_test,0,-0.5673748254776001
training/2025-06-25_test/objects_parts/231_obj12_tile_3428_1521.png,normal:2025-06-25_test:231,normal:2025-06-25_test:231_obj12,2025-06-25_test,0,-0.5797412991523743
training/2025-06-25_test/objects_parts/231_obj14_tile_2149_880.png,normal:2025-06-25_test:231,normal:2025-06-25_test:231_obj14,2025-06-25_test,0,-0.5692418217658997
training/2025-06-25_test/objects_parts/231_obj16_tile_2788_880.png,normal:2025-06-25_test:231,normal:2025-06-25_test:231_obj16,2025-06-25_test,0,-0.5739470720291138
training/2025-06-25_test/objects_parts/231_obj2_tile_2154_2357.png,normal:2025-06-25_test:231,normal:2025-06-25_test:231_obj2,2025-06-25_test,0,-0.5791317820549011
training/2025-06-25_test/objects_parts/231_obj4_tile_2788_2356.png,normal:2025-06-25_test:231,normal:2025-06-25_test:231_obj4,2025-06-25_test,0,-0.5800574421882629
training/2025-06-25_test/objects_parts/231_obj6_tile_3043_2164.png,normal:2025-06-25_test:231,normal:2025-06-25_test:231_obj6,2025-06-25_test,0,-0.5768792033195496
training/2025-06-25_test/objects_parts/231_obj8_tile_2149_1906.png,normal:2025-06-25_test:231,normal:2025-06-25_test:231_obj8,2025-06-25_test,0,-0.5860085487365723
training/2025-06-25_test/objects_parts/33_obj11_tile_3066_1705.png,normal:2025-06-25_test:33,normal:2025-06-25_test:33_obj11,2025-06-25_test,0,-0.5645627379417419
training/2025-06-25_test/objects_parts/33_obj13_tile_1786_873.png,normal:2025-06-25_test:33,normal:2025-06-25_test:33_obj13,2025-06-25_test,0,-0.5818313956260681
training/2025-06-25_test/objects_parts/33_obj15_tile_2426_872.png,normal:2025-06-25_test:33,normal:2025-06-25_test:33_obj15,2025-06-25_test,0,-0.5701557993888855
training/2025-06-25_test/objects_parts/33_obj17_tile_3450_1063.png,normal:2025-06-25_test:33,normal:2025-06-25_test:33_obj17,2025-06-25_test,0,-0.556113600730896
training/2025-06-25_test/objects_parts/33_obj1_tile_2177_2539.png,normal:2025-06-25_test:33,normal:2025-06-25_test:33_obj1,2025-06-25_test,0,-0.5679451823234558
training/2025-06-25_test/objects_parts/33_obj3_tile_2810_2539.png,normal:2025-06-25_test:33,normal:2025-06-25_test:33_obj3,2025-06-25_test,0,-0.5895804166793823
training/2025-06-25_test/objects_parts/33_obj7_tile_2170_1514.png,normal:2025-06-25_test:33,normal:2025-06-25_test:33_obj7,2025-06-25_test,0,-0.56304532289505
training/2025-06-25_test/objects_parts/33_obj9_tile_2426_1706.png,normal:2025-06-25_test:33,normal:2025-06-25_test:33_obj9,2025-06-25_test,0,-0.5579557418823242
training/2025-06-25_test/objects_parts/86_obj11_tile_3065_1896.png,normal:2025-06-25_test:86,normal:2025-06-25_test:86_obj11,2025-06-25_test,0,-0.5778791904449463
training/2025-06-25_test/objects_parts/86_obj13_tile_1978_1256.png,normal:2025-06-25_test:86,normal:2025-06-25_test:86_obj13,2025-06-25_test,0,-0.5830647945404053
training/2025-06-25_test/objects_parts/86_obj15_tile_2810_1064.png,normal:2025-06-25_test:86,normal:2025-06-25_test:86_obj15,2025-06-25_test,0,-0.5805718898773193
training/2025-06-25_test/objects_parts/86_obj17_tile_3066_1063.png,normal:2025-06-25_test:86,normal:2025-06-25_test:86_obj17,2025-06-25_test,0,-0.5757201910018921
training/2025-06-25_test/objects_parts/86_obj1_tile_2177_2539.png,normal:2025-06-25_test:86,normal:2025-06-25_test:86_obj1,2025-06-25_test,0,-0.5913451910018921
training/2025-06-25_test/objects_parts/86_obj5_tile_3065_2539.png,normal:2025-06-25_test:86,normal:2025-06-25_test:86_obj5,2025-06-25_test,0,-0.5820655822753906
training/2025-06-25_test/objects_parts/86_obj7_tile_2170_1898.png,normal:2025-06-25_test:86,normal:2025-06-25_test:86_obj7,2025-06-25_test,0,-0.5877029895782471
training/2025-06-25_test/objects_parts/86_obj9_tile_2810_1513.png,normal:2025-06-25_test:86,normal:2025-06-25_test:86_obj9,2025-06-25_test,0,-0.5706528425216675
