top_k_pixels,top_k_fraction,tile_roc_auc,tile_average_precision,source_group_balanced_tile_roc_auc,source_group_balanced_tile_average_precision,tile_cohens_d,object_roc_auc,object_average_precision,source_image_roc_auc,source_image_average_precision,selected,config_name,seed
1,6.781684027777777e-06,0.6452380952380953,0.4172824739294142,0.5826136363636364,0.5350700650922731,0.3666684956662321,0.77,0.2323953823953823,0.2399999999999999,0.4134920634920634,False,resnet18_384,42
74,0.0005018446180555,0.6535714285714285,0.4115814831908754,0.6192045454545454,0.5452301632445156,0.2707063160431386,0.74,0.2125541125541125,0.2399999999999999,0.4134920634920634,False,resnet18_384,42
147,0.0009969075520833,0.6523809523809523,0.4082434352330409,0.6269318181818181,0.5456109011100199,0.2360788397452145,0.73,0.2044871794871794,0.1999999999999999,0.4034920634920635,False,resnet18_384,42
369,0.00250244140625,0.6511904761904761,0.4063239011159412,0.6313636363636363,0.545931696231444,0.1985003620584625,0.71,0.193266499582289,0.1999999999999999,0.4034920634920635,False,resnet18_384,42
737,0.0049981011284722,0.6547619047619048,0.4092065723330354,0.6368181818181817,0.549073716736589,0.1866402252127782,0.7050000000000001,0.1909523809523809,0.1999999999999999,0.4034920634920635,False,resnet18_384,42
1475,0.0100029839409722,0.661904761904762,0.4135635256957247,0.6468181818181818,0.5547626852698195,0.194298536625182,0.71,0.1933333333333333,0.1999999999999999,0.4034920634920635,False,resnet18_384,42
3686,0.0249972873263888,0.6928571428571428,0.4371893133286952,0.6781818181818182,0.5756758179302097,0.3096094044527402,0.745,0.2161538461538461,0.1999999999999999,0.4034920634920635,False,resnet18_384,42
7373,0.0500013563368055,0.7333333333333334,0.4830169733118616,0.7111363636363637,0.6036566610790084,0.4893898019687683,0.77,0.2551490614648509,0.3199999999999999,0.4634920634920635,False,resnet18_384,42
9216,0.0625,0.7464285714285714,0.5061025966696808,0.7214772727272727,0.6167682291513293,0.5566585785499247,0.77,0.2556618819776714,0.3199999999999999,0.4634920634920635,False,resnet18_384,42
14746,0.1000027126736111,0.7773809523809524,0.5564643790867227,0.7356818181818182,0.6370100582809876,0.7437457809158788,0.78,0.2618538324420677,0.3199999999999999,0.4634920634920635,False,resnet18_384,42
29491,0.1999986436631944,0.8464285714285714,0.6502542512379519,0.8152272727272727,0.7246319018302786,1.172662943178481,0.86,0.3441558441558441,0.36,0.4768253968253968,False,resnet18_384,42
49152,0.3333333333333333,0.888095238095238,0.7523841483865026,0.8590909090909091,0.7927216504426962,1.5503890133617448,0.915,0.5638888888888889,0.6000000000000001,0.6726190476190477,False,resnet18_384,42
73728,0.5,0.901190476190476,0.8013001704976772,0.8705681818181817,0.8209086578379694,1.8669499694894156,0.91,0.5547979797979798,0.6000000000000001,0.6726190476190477,False,resnet18_384,42
147456,1.0,0.9488095238095238,0.9151863659032298,0.9198863636363636,0.9159384915734954,2.1305077234935474,0.965,0.7783333333333333,0.8800000000000001,0.8766666666666667,True,resnet18_384,42
1,6.781684027777777e-06,0.7595238095238095,0.5069999782278334,0.7678409090909091,0.6713770865148981,0.8067873603877581,0.86,0.3417748917748917,0.36,0.4577777777777778,False,resnet18_384,123
74,0.0005018446180555,0.7285714285714286,0.4754725001702405,0.7170454545454545,0.6229287995972664,0.6665756260622073,0.815,0.2859663865546218,0.2799999999999999,0.4301587301587302,False,resnet18_384,123
147,0.0009969075520833,0.7285714285714286,0.4765014158043715,0.7129545454545454,0.6205713583104218,0.6399087131536385,0.815,0.2859663865546218,0.2799999999999999,0.4301587301587302,False,resnet18_384,123
369,0.00250244140625,0.7273809523809525,0.4743923539352749,0.7121590909090909,0.6174450802148109,0.6192314451534126,0.8049999999999999,0.2764411027568922,0.2799999999999999,0.4301587301587302,False,resnet18_384,123
737,0.0049981011284722,0.736904761904762,0.4789593240564084,0.7263636363636363,0.6255545209114804,0.6231874862225408,0.81,0.2793650793650793,0.2799999999999999,0.4301587301587302,False,resnet18_384,123
1475,0.0100029839409722,0.75,0.4994784920383545,0.7357954545454546,0.6323341687896501,0.6608728531022434,0.815,0.2926330532212885,0.3199999999999999,0.4634920634920635,False,resnet18_384,123
3686,0.0249972873263888,0.7702380952380953,0.5207197556942937,0.7520454545454546,0.6424616179851211,0.7714150478296837,0.81,0.2849206349206349,0.3199999999999999,0.4634920634920635,False,resnet18_384,123
7373,0.0500013563368055,0.8035714285714286,0.5833377426651403,0.7811363636363635,0.6882572814980354,0.9065930824587468,0.8600000000000001,0.342983682983683,0.36,0.4768253968253968,False,resnet18_384,123
9216,0.0625,0.8142857142857143,0.6012233381281236,0.793409090909091,0.7079942876386839,0.9617174914813637,0.8650000000000001,0.3563170163170163,0.4,0.4968253968253968,False,resnet18_384,123
14746,0.1000027126736111,0.8452380952380952,0.6591975297560952,0.8202272727272728,0.7487311373625929,1.1411382143192192,0.895,0.4138888888888888,0.52,0.5587301587301587,False,resnet18_384,123
29491,0.1999986436631944,0.875,0.7550553937650712,0.8535227272727273,0.80847157485477,1.5038366717624572,0.945,0.6533333333333333,0.76,0.7683333333333333,False,resnet18_384,123
49152,0.3333333333333333,0.894047619047619,0.7890375299211205,0.8700000000000001,0.8282491288394488,1.790034675043015,0.945,0.6533333333333333,0.76,0.7683333333333333,False,resnet18_384,123
73728,0.5,0.9202380952380952,0.8600563950003728,0.8925000000000001,0.8677035525486511,2.022547970795749,0.945,0.6533333333333333,0.8,0.7861904761904761,False,resnet18_384,123
147456,1.0,0.9535714285714284,0.915887735565607,0.9368181818181818,0.9308393277822136,2.203210995961584,0.97,0.8444444444444443,0.92,0.9266666666666664,True,resnet18_384,123
1,6.781684027777777e-06,0.6011904761904762,0.4275308725594408,0.5686363636363636,0.5360346583149873,0.3475060738148539,0.705,0.3520879120879121,0.28,0.5412698412698412,False,resnet18_384,2025
74,0.0005018446180555,0.6178571428571429,0.407683813309742,0.5811363636363636,0.5251324348662926,0.321089600266401,0.685,0.2448667672197084,0.28,0.4523809523809523,False,resnet18_384,2025
147,0.0009969075520833,0.6261904761904762,0.411604493636116,0.5882954545454545,0.5269747760618353,0.3189681807393372,0.6950000000000001,0.2475443083411854,0.28,0.4523809523809523,False,resnet18_384,2025
369,0.00250244140625,0.6404761904761904,0.4153087120019886,0.607840909090909,0.5351915616562698,0.322760239054215,0.69,0.2458333333333333,0.28,0.4523809523809523,False,resnet18_384,2025
737,0.0049981011284722,0.6583333333333333,0.4313013288581614,0.6211363636363636,0.5449885423592659,0.3390963233199508,0.7,0.2499358974358974,0.28,0.4523809523809523,False,resnet18_384,2025
1475,0.0100029839409722,0.6666666666666666,0.4306041761629284,0.6226136363636363,0.5422313620020615,0.3588814527006462,0.7000000000000001,0.2184141583054626,0.28,0.4523809523809523,False,resnet18_384,2025
3686,0.0249972873263888,0.694047619047619,0.4556442608141869,0.6407954545454546,0.5557535355953301,0.4262772673908943,0.715,0.2250598086124401,0.3199999999999999,0.4634920634920635,False,resnet18_384,2025
7373,0.0500013563368055,0.7452380952380953,0.5155175539295405,0.6860227272727273,0.5952698565368192,0.5503565164627373,0.75,0.243229869545659,0.3199999999999999,0.4634920634920635,False,resnet18_384,2025
9216,0.0625,0.7595238095238095,0.5353146495253056,0.7025,0.612613142561101,0.6105383798353645,0.78,0.2622222222222222,0.3199999999999999,0.4634920634920635,False,resnet18_384,2025
14746,0.1000027126736111,0.8011904761904761,0.5904984964759561,0.7480681818181818,0.6577928543807005,0.7881153815346282,0.8200000000000001,0.295021645021645,0.3199999999999999,0.4634920634920635,False,resnet18_384,2025
29491,0.1999986436631944,0.8464285714285714,0.6635724791081934,0.7969318181818181,0.7190677457079864,1.1956579448011933,0.8800000000000001,0.4046503496503496,0.4,0.4968253968253968,False,resnet18_384,2025
49152,0.3333333333333333,0.8809523809523809,0.7710686329870677,0.8410227272727273,0.7959886709574572,1.5455286167763282,0.93,0.5968253968253969,0.6000000000000001,0.6726190476190477,False,resnet18_384,2025
73728,0.5,0.9035714285714288,0.8392621170760615,0.8605681818181818,0.835760215484729,1.8192581791223528,0.93,0.6000000000000001,0.64,0.6926190476190477,False,resnet18_384,2025
147456,1.0,0.9452380952380952,0.9142009412245348,0.91875,0.917377870356594,1.9524496855160405,0.96,0.8111111111111111,0.92,0.9266666666666664,True,resnet18_384,2025
1,6.781684027777777e-06,0.4499999999999999,0.3109140432737155,0.4925,0.5131079570893372,-0.2371809451123346,0.7000000000000001,0.2102953034760815,0.12,0.3805555555555555,False,deit_base_distilled_384,42
74,0.0005018446180555,0.4607142857142857,0.3129071274138664,0.5103409090909091,0.5164075712676413,-0.227820910772246,0.71,0.2029545454545454,0.0399999999999999,0.361031746031746,False,deit_base_distilled_384,42
147,0.0009969075520833,0.4535714285714285,0.3077763600648613,0.5014772727272727,0.5047435565752144,-0.2187664627759972,0.685,0.1870388669301713,0.0,0.3543650793650793,False,deit_base_distilled_384,42
369,0.00250244140625,0.4619047619047619,0.3123445915712683,0.5090909090909091,0.5109972485425378,-0.1721061818989709,0.69,0.1911111111111111,0.0,0.3543650793650793,False,deit_base_distilled_384,42
737,0.0049981011284722,0.4726190476190476,0.3172660639860825,0.5146590909090909,0.5127105426218075,-0.1113149450791987,0.69,0.191443887496519,0.0,0.3543650793650793,False,deit_base_distilled_384,42
1475,0.0100029839409722,0.4988095238095238,0.3323912974390114,0.5404545454545455,0.5389058170390145,-0.0016035607466493,0.72,0.2172175536881419,0.12,0.3805555555555555,False,deit_base_distilled_384,42
3686,0.0249972873263888,0.5678571428571428,0.3819114903538673,0.6021590909090908,0.5996546505111904,0.2262795824276468,0.775,0.2891798941798941,0.2799999999999999,0.4355555555555555,False,deit_base_distilled_384,42
7373,0.0500013563368055,0.6345238095238095,0.4355687867843087,0.6476136363636364,0.6396428929398243,0.4430922785389766,0.78,0.306060606060606,0.2799999999999999,0.4323809523809523,False,deit_base_distilled_384,42
9216,0.0625,0.6440476190476191,0.4420830563746274,0.6487499999999999,0.6366874075201157,0.5189397245833854,0.78,0.3183186705767351,0.32,0.4523809523809524,False,deit_base_distilled_384,42
14746,0.1000027126736111,0.7095238095238096,0.5273627841757476,0.7042045454545455,0.7100925078537014,0.6927046395678867,0.8,0.4799853372434018,0.48,0.6333333333333333,False,deit_base_distilled_384,42
29491,0.1999986436631944,0.7654761904761904,0.602763019582957,0.7421590909090908,0.7583581183908084,1.0057350368431417,0.8250000000000001,0.5645833333333334,0.64,0.7166666666666666,False,deit_base_distilled_384,42
49152,0.3333333333333333,0.8214285714285714,0.692689818376881,0.792840909090909,0.8070650624891427,1.267069430562462,0.865,0.7,0.7200000000000002,0.81,False,deit_base_distilled_384,42
73728,0.5,0.8583333333333334,0.7494892432502025,0.8362499999999999,0.8480755670255047,1.4865341149564557,0.89,0.75,0.7200000000000002,0.81,False,deit_base_distilled_384,42
147456,1.0,0.8952380952380953,0.794406903084848,0.8731818181818182,0.8681102695958611,1.813485961828664,0.925,0.7655555555555555,0.8,0.835,True,deit_base_distilled_384,42
1,6.781684027777777e-06,0.719047619047619,0.4920816678300961,0.7463636363636363,0.6969272724522926,0.5823829306451739,0.83,0.3371785077667431,0.24,0.4305555555555555,False,deit_base_distilled_384,123
74,0.0005018446180555,0.7166666666666667,0.4894425785676589,0.7372727272727273,0.6902593705895312,0.6770992629409041,0.8200000000000001,0.3338095238095238,0.28,0.4412698412698412,False,deit_base_distilled_384,123
147,0.0009969075520833,0.7261904761904763,0.4977746099038919,0.7417045454545454,0.6931867117611106,0.7465353403281777,0.8200000000000001,0.3366666666666666,0.28,0.4412698412698412,False,deit_base_distilled_384,123
369,0.00250244140625,0.7547619047619047,0.5595909695396606,0.7701136363636364,0.7457223774877692,0.8752804637912479,0.8400000000000001,0.488328664799253,0.4,0.5888888888888888,False,deit_base_distilled_384,123
737,0.0049981011284722,0.7809523809523811,0.6286996621007646,0.7943181818181819,0.7904720877559015,1.017198010683943,0.86,0.5972527472527474,0.52,0.7,False,deit_base_distilled_384,123
1475,0.0100029839409722,0.8011904761904761,0.6504876387658236,0.8163636363636363,0.8091127557449771,1.1967840951842663,0.88,0.6246031746031746,0.56,0.7142857142857142,False,deit_base_distilled_384,123
3686,0.0249972873263888,0.8499999999999999,0.7167488860592575,0.8488636363636364,0.8412878361036031,1.47326919322894,0.9,0.6726315789473685,0.6400000000000001,0.7642857142857142,False,deit_base_distilled_384,123
7373,0.0500013563368055,0.8952380952380952,0.7936492052947428,0.8897727272727273,0.886109432081344,1.6795490712970689,0.9200000000000002,0.7388888888888889,0.7200000000000002,0.81,False,deit_base_distilled_384,123
9216,0.0625,0.905952380952381,0.8120893339057387,0.8938636363636363,0.8906200267691655,1.7453416382740203,0.915,0.7359649122807017,0.7200000000000002,0.81,False,deit_base_distilled_384,123
14746,0.1000027126736111,0.9202380952380952,0.8251418265721815,0.904659090909091,0.8956237003407744,1.8887033496436008,0.93,0.7458333333333333,0.76,0.8211111111111111,False,deit_base_distilled_384,123
29491,0.1999986436631944,0.9392857142857144,0.8532425316259904,0.9275,0.9109556477405284,2.097256252526196,0.94,0.7302564102564102,0.8,0.835,False,deit_base_distilled_384,123
49152,0.3333333333333333,0.944047619047619,0.8684667694692758,0.93375,0.9216986263801208,2.261677350778769,0.95,0.7666666666666666,0.8400000000000001,0.8528571428571428,False,deit_base_distilled_384,123
73728,0.5,0.951190476190476,0.8867723615843919,0.9434090909090908,0.9345545197170344,2.3936282751252143,0.96,0.800909090909091,0.8400000000000001,0.8528571428571428,False,deit_base_distilled_384,123
147456,1.0,0.9642857142857144,0.9155377117842234,0.9553409090909092,0.9482658341906984,2.558797902483727,0.975,0.8711111111111112,0.88,0.9028571428571428,True,deit_base_distilled_384,123
1,6.781684027777777e-06,0.7071428571428572,0.4782830671433359,0.7554545454545455,0.6989353541683117,0.5546005132410279,0.84,0.3386921850079745,0.2,0.4105555555555555,False,deit_base_distilled_384,2025
74,0.0005018446180555,0.7071428571428571,0.4911916499532643,0.7545454545454546,0.7160501140980025,0.6463667930382644,0.855,0.3910731373889269,0.28,0.4546031746031745,False,deit_base_distilled_384,2025
147,0.0009969075520833,0.7166666666666667,0.5331493971016663,0.7748863636363637,0.7590438528985142,0.6971861868502267,0.875,0.5009415584415584,0.3199999999999999,0.5546031746031745,False,deit_base_distilled_384,2025
369,0.00250244140625,0.7333333333333333,0.5669980919884796,0.7927272727272727,0.7856897017891069,0.7933025102691389,0.9000000000000001,0.536923076923077,0.36,0.5688888888888889,False,deit_base_distilled_384,2025
737,0.0049981011284722,0.7535714285714286,0.5801033950902448,0.805,0.7914709140232081,0.8888801529799567,0.905,0.5433333333333333,0.36,0.5688888888888889,False,deit_base_distilled_384,2025
1475,0.0100029839409722,0.7702380952380952,0.5969874949555944,0.8151136363636364,0.7970669710549604,0.9982814344995192,0.915,0.5912698412698412,0.44,0.6190476190476191,False,deit_base_distilled_384,2025
3686,0.0249972873263888,0.805952380952381,0.6451600331793177,0.8474999999999999,0.8323119482660175,1.1930613935345002,0.93,0.6445421245421246,0.56,0.6676190476190476,False,deit_base_distilled_384,2025
7373,0.0500013563368055,0.8488095238095239,0.7097483943549476,0.8743181818181819,0.8586829228868073,1.3701566795902074,0.945,0.7366666666666666,0.68,0.7644444444444445,False,deit_base_distilled_384,2025
9216,0.0625,0.8571428571428571,0.7261411795738058,0.8754545454545454,0.8623878408646214,1.429538979414504,0.95,0.7666666666666666,0.72,0.7944444444444445,False,deit_base_distilled_384,2025
14746,0.1000027126736111,0.8833333333333333,0.7669535731592729,0.8952272727272728,0.8840441621451841,1.55550786281302,0.955,0.7933333333333332,0.76,0.8211111111111111,False,deit_base_distilled_384,2025
29491,0.1999986436631944,0.9166666666666666,0.8195649615092546,0.9180681818181818,0.901928408244268,1.749458470806221,0.94,0.7302564102564102,0.72,0.7783333333333333,False,deit_base_distilled_384,2025
49152,0.3333333333333333,0.9285714285714286,0.8345200174615754,0.9275,0.909671208534762,1.9097142044478423,0.945,0.7366666666666666,0.72,0.7783333333333333,False,deit_base_distilled_384,2025
73728,0.5,0.9345238095238094,0.8458610294265612,0.9318181818181818,0.9136462906831138,2.037759862850557,0.945,0.7366666666666666,0.72,0.7783333333333333,False,deit_base_distilled_384,2025
147456,1.0,0.9404761904761904,0.8762698358286596,0.9426136363636364,0.9306851945156612,2.112914763622084,0.97,0.8444444444444443,0.84,0.8761904761904762,True,deit_base_distilled_384,2025
